[
  {
    "name": "NACH0.ProductionStats",
    "version": "0.3.0",
    "namepretty": "NACH0's Production Stats",
    "enabled": true,
    "marksgamemodded": true,
    "dllpath": "ProductionVales.dll",
    "compatibleversions": [
      "0.7.0"
    ],
	"jsonFiles": [
      {
        "fileType": "addNewTypes",
        "index": 10000,
        "relativePath": "gamedata/types/Tool.json"
      },
      {
        "fileType": "addOrReplacePlayerRecipes",
        "index": 15000,
        "relativePath": "gamedata/recipes/Player.json"
      },
      {
        "fileType": "addOrOverrideLocalization",
        "index": 15000,
        "relativePath": "gamedata/locale/en-US/en-US.json"
      }
    ],
    "patchnotes": [
		{
        "version": "0.1.0",
        "notes": [
          "Initial Release",
          "*If you find any issues or have suggestions join the discord",
          "*discord.gg/tqFhxhm"
        ]
      }
    ]
  }
]
